Store,DayOfWeek,Sales,Customers,Open,Promo,SchoolHoliday
616,7,0,0,0,0,0
592,2,5548,710,1,1,1
526,6,7467,1150,1,0,0
601,2,3360,323,1,0,1
953,1,11414,853,1,1,0
166,7,0,0,0,0,0
842,1,14126,974,1,0,0
813,4,6299,718,1,1,0
840,1,10515,1364,1,1,1
529,2,7713,759,1,1,0
616,4,9053,839,1,1,1
216,1,5973,883,1,0,0
375,2,7630,765,1,0,0
857,5,6834,910,1,1,0
444,5,9950,1149,1,1,0
935,1,7303,775,1,1,0
817,2,21956,3308,1,0,0
797,6,3190,343,1,0,0
592,4,6387,825,1,1,0
267,2,9437,1118,1,0,0
178,4,9254,864,1,0,1
244,4,6072,552,1,1,0
208,3,3698,523,1,1,1
1082,6,5004,818,1,0,0
310,7,2075,219,1,0,0
110,1,5353,625,1,1,0
340,4,5480,608,1,1,0
1063,4,5430,678,1,1,0
301,1,7128,657,1,1,0
455,2,6503,413,1,0,1
552,1,5852,658,1,0,0
678,3,5174,732,1,0,0
518,5,5281,497,1,0,0
125,4,9337,1308,1,0,1
790,4,6570,606,1,0,0
70,3,7306,780,1,1,0
993,5,8928,889,1,1,0
431,6,8752,962,1,0,0
838,3,6997,774,1,0,0
931,2,4381,530,1,0,1
781,7,0,0,0,0,0
126,1,12813,719,1,1,0
303,4,7701,879,1,1,1
1008,2,7085,835,1,1,1
969,2,3123,592,1,0,0
676,1,11610,1970,1,0,0
469,6,14808,1997,1,0,0
984,3,6830,766,1,1,1
259,7,16090,2721,1,0,0
294,7,0,0,0,0,1
1020,1,10015,1157,1,1,0
982,7,0,0,0,0,0
907,7,0,0,0,0,0
649,7,0,0,0,0,0
830,1,9597,721,1,1,0
386,4,9085,689,1,1,0
964,5,10768,1511,1,0,0
738,4,6763,606,1,0,0
1093,7,0,0,0,0,0
1112,3,6015,602,1,0,0
506,3,6341,826,1,0,1
1,7,0,0,0,0,0
106,7,0,0,0,0,0
48,5,3496,395,1,0,0
1046,2,9598,705,1,1,0
846,2,9439,996,1,0,1
1024,7,0,0,0,0,0
801,7,0,0,0,0,0
979,7,0,0,0,0,0
330,6,4440,450,1,0,0
608,7,0,0,0,0,0
411,2,5490,501,1,0,0
504,2,7960,1084,1,1,1
1019,7,0,0,0,0,0
775,7,0,0,0,0,0
964,6,9314,1418,1,0,0
776,1,6534,640,1,1,0
556,3,7028,800,1,1,0
24,2,11866,984,1,1,0
656,3,3692,373,1,1,0
65,7,0,0,0,0,0
1020,2,9656,1172,1,1,0
629,2,7399,581,1,1,0
361,6,5674,668,1,0,0
61,3,5601,616,1,1,0
657,2,5558,831,1,0,0
1061,4,5848,459,1,0,1
276,4,3622,514,1,0,1
378,4,7000,1037,1,1,0
1031,1,6853,598,1,1,0
439,1,10647,1139,1,1,0
599,2,7392,773,1,0,0
402,1,3844,477,1,0,0
736,5,5121,494,1,0,0
1082,3,7237,940,1,1,0
1014,1,11428,1366,1,0,0
286,7,0,0,0,0,0
294,7,0,0,0,0,0
443,7,0,0,0,0,0
853,2,8092,1037,1,0,1
375,1,6966,676,1,0,1
387,3,10456,1219,1,1,0
247,6,7282,629,1,0,0
21,3,7370,692,1,1,1
1,2,4806,532,1,1,0
476,7,0,0,0,0,0
552,7,0,0,0,0,0
960,3,6269,572,1,0,0
282,4,4982,709,1,1,0
571,3,6547,492,1,1,0
996,5,4725,607,1,0,0
697,2,13378,1188,1,1,0
514,7,0,0,0,0,0
540,1,0,0,0,0,1
126,6,4587,440,1,0,0
699,2,0,0,0,1,0
720,7,0,0,0,0,0
454,3,6724,821,1,1,0
620,3,8352,775,1,1,1
1005,3,5205,828,1,0,1
658,4,4466,501,1,0,0
794,6,2401,434,1,0,0
584,1,3629,368,1,0,0
600,6,7085,661,1,0,0
1086,4,6286,786,1,0,1
56,1,0,0,0,0,1
550,3,6471,501,1,1,0
888,3,0,0,0,0,1
506,6,5012,574,1,0,0
475,7,0,0,0,0,0
1053,3,7810,989,1,0,0
490,6,9749,1237,1,0,0
978,2,0,0,0,0,1
1047,7,0,0,0,0,0
199,4,5807,524,1,0,0
759,7,0,0,0,0,0
943,4,6345,563,1,0,0
772,7,0,0,0,0,0
979,1,13140,989,1,1,0
784,6,7504,775,1,0,0
905,1,14597,2042,1,0,1
131,2,3329,396,1,0,1
46,3,3823,550,1,0,0
734,3,4874,515,1,1,0
178,7,0,0,0,0,0
3,1,5248,696,1,0,0
700,5,4300,553,1,1,0
986,1,7496,845,1,1,1
962,2,5242,853,1,0,1
1110,5,7081,707,1,1,0
431,5,10722,1112,1,1,1
212,7,0,0,0,0,0
403,3,5968,660,1,0,0
308,1,0,0,0,1,1
1102,2,7226,633,1,1,0
61,3,0,0,0,0,1
847,5,10592,1364,1,0,0
274,7,5776,1316,1,0,0
220,2,6512,772,1,1,0
161,6,7286,805,1,0,0
631,4,4123,589,1,0,0
828,2,9513,922,1,0,1
244,3,3418,391,1,0,0
75,5,10054,946,1,1,0
613,1,6090,932,1,0,1
592,3,0,0,0,0,1
511,1,6181,836,1,1,1
108,3,11170,844,1,1,0
921,5,0,0,0,1,1
850,2,4455,512,1,0,0
631,5,5460,683,1,1,0
731,4,7062,838,1,0,0
101,1,9703,925,1,1,0
213,7,0,0,0,0,0
1076,4,2905,524,1,0,0
881,2,5781,865,1,1,0
943,1,0,0,0,0,1
121,3,5434,535,1,1,0
556,1,6727,842,1,0,1
488,1,2884,324,1,0,0
1047,2,5558,577,1,1,0
599,6,12703,1080,1,0,0
196,1,7305,823,1,1,0
318,6,5333,501,1,0,0
451,5,5726,502,1,1,0
11,3,8625,1154,1,1,0
216,1,0,0,0,0,1
472,4,5611,668,1,1,0
943,3,6201,525,1,1,0
1053,2,7540,911,1,0,1
380,3,0,0,0,1,0
418,2,4228,519,1,0,1
839,7,0,0,0,0,0
596,4,0,0,0,1,0
296,5,5281,644,1,0,0
876,7,0,0,0,0,0
345,5,5308,550,1,1,0
39,4,3026,485,1,0,0
203,4,6742,893,1,1,0
645,5,8726,1122,1,1,0
996,3,5073,629,1,0,0
176,1,8890,955,1,1,0
608,1,12155,1125,1,1,0
332,4,0,0,0,0,0
95,5,9989,1145,1,1,0
77,5,7608,682,1,1,1
548,6,2958,292,1,0,1
991,5,6193,550,1,0,0
673,3,8004,603,1,1,0
1041,1,5215,657,1,0,0
486,1,0,0,0,0,0
1109,4,5520,466,1,1,0
791,1,6870,800,1,0,1
796,2,0,0,0,0,1
349,2,11768,1183,1,0,1
521,1,3942,376,1,0,0
1090,5,6436,813,1,0,0
817,5,22946,2996,1,1,0
301,2,6309,689,1,1,0
1058,4,5264,589,1,0,0
14,7,0,0,0,0,0
315,5,5959,553,1,1,1
202,2,3211,324,1,0,0
195,5,8630,1079,1,0,0
427,7,0,0,0,0,0
884,1,6210,615,1,0,0
1056,7,0,0,0,0,0
977,1,3931,445,1,0,0
906,7,0,0,0,0,1
597,6,4670,681,1,0,0
674,1,6611,955,1,0,0
957,5,7906,840,1,0,0
694,7,0,0,0,0,0
427,6,5658,654,1,0,0
1045,2,9847,1190,1,0,0
475,6,6571,1073,1,0,0
681,3,2304,390,1,0,0
569,2,5490,762,1,0,1
949,2,3426,367,1,0,0
47,2,9246,1078,1,1,1
861,6,4491,674,1,0,0
595,4,22157,2315,1,1,0
1063,4,4240,520,1,1,1
780,7,0,0,0,0,0
762,3,2695,298,1,0,1
394,5,8444,700,1,0,0
184,5,6233,578,1,0,1
826,2,6507,641,1,0,1
217,4,3849,565,1,0,0
1090,4,5795,760,1,0,1
513,3,14564,1761,1,0,1
135,4,4626,468,1,0,0
645,6,8953,1269,1,0,0
303,4,4617,562,1,0,0
730,5,7733,997,1,1,1
132,2,7959,656,1,1,0
616,2,12185,1139,1,1,0
28,5,5101,573,1,0,1
715,4,5319,612,1,0,1
573,4,2426,264,1,0,0
995,2,9394,779,1,0,0
538,2,4565,642,1,1,1
583,4,4043,469,1,0,0
146,5,7115,714,1,0,1
1023,4,3703,455,1,0,1
446,3,3820,584,1,0,0
942,2,6968,517,1,1,1
882,5,7061,881,1,1,0
494,4,7401,1115,1,1,0
999,3,8508,711,1,0,0
884,7,0,0,0,0,0
400,5,9981,1407,1,0,1
554,4,4282,583,1,0,0
853,2,9895,1165,1,0,1
23,6,5504,513,1,0,0
547,7,0,0,0,0,0
196,3,6067,720,1,1,0
439,6,5639,760,1,0,0
949,7,0,0,0,0,0
497,5,10178,1251,1,1,0
824,3,8124,1010,1,1,0
905,2,6221,1004,1,0,0
323,6,9361,725,1,0,0
692,6,4220,531,1,0,0
569,4,5010,740,1,0,0
405,2,5388,550,1,1,0
585,2,3900,644,1,0,1
823,7,0,0,0,0,0
1005,1,8265,1124,1,1,1
527,1,11097,1046,1,1,0
398,4,4241,540,1,0,0
483,3,4727,641,1,0,0
43,6,3919,402,1,0,0
1079,4,0,0,0,1,0
362,5,7635,1080,1,0,0
88,2,8695,806,1,1,0
106,4,8547,795,1,1,1
584,3,4617,413,1,1,0
751,7,0,0,0,0,0
508,7,0,0,0,0,0
215,6,7296,550,1,0,0
196,3,5193,691,1,1,0
943,7,0,0,0,0,0
574,2,11684,752,1,1,0
952,1,0,0,0,1,0
59,3,6171,602,1,1,0
382,2,8884,667,1,1,1
195,2,11708,1391,1,1,0
408,2,5816,523,1,1,0
828,3,6659,732,1,1,0
663,1,9319,1213,1,0,1
814,4,7507,661,1,0,0
554,2,4897,662,1,0,0
63,4,5504,522,1,0,1
790,2,7688,657,1,1,0
628,5,4759,683,1,0,0
93,5,6255,684,1,0,1
19,4,6438,663,1,1,0
84,5,20529,1994,1,1,0
628,3,4571,635,1,0,0
380,1,18699,1600,1,1,0
159,6,6560,600,1,0,0
34,5,7441,1032,1,1,0
380,4,15092,1533,1,1,1
162,1,5314,441,1,0,1
142,3,4889,588,1,1,0
1021,1,8550,1118,1,0,0
591,5,8091,645,1,1,1
787,2,8175,968,1,0,1
658,3,8093,725,1,1,0
275,2,5275,572,1,0,0
168,1,11462,995,1,1,0
1008,5,3774,562,1,0,1
898,1,9516,951,1,1,0
14,7,0,0,0,0,0
159,2,9788,769,1,1,1
300,1,7632,923,1,1,0
939,4,5834,565,1,1,1
35,6,7420,619,1,0,0
332,3,3240,478,1,0,0
878,1,7040,694,1,0,0
709,6,4457,572,1,0,0
706,1,0,0,0,0,0
739,1,6665,613,1,0,0
469,2,14125,1592,1,1,0
932,3,7385,809,1,0,0
954,2,8267,1010,1,1,0
923,6,5302,519,1,0,0
957,2,10200,1027,1,1,0
945,1,6081,705,1,1,0
145,5,7842,1077,1,0,1
343,4,7884,746,1,1,0
567,2,7383,854,1,1,0
1095,7,0,0,0,0,0
324,1,10260,1173,1,1,0
705,5,6457,867,1,0,1
634,4,5550,628,1,0,0
459,5,10194,1225,1,1,0
913,6,8115,1154,1,0,0
416,1,8146,1129,1,0,1
562,2,18898,3119,1,1,0
768,4,12852,1332,1,1,0
452,5,7050,619,1,1,1
1049,6,2750,464,1,0,0
233,6,7157,839,1,0,0
436,5,4687,527,1,0,0
330,7,0,0,0,0,0
1075,2,12106,1106,1,1,0
365,6,5446,627,1,0,0
673,6,9188,748,1,0,0
295,5,5300,648,1,1,0
425,6,1693,253,1,0,0
392,6,5109,493,1,0,0
322,4,4302,580,1,0,0
1085,3,7277,779,1,0,0
312,7,0,0,0,0,0
1023,5,5181,604,1,0,0
1107,5,4975,573,1,0,0
159,7,0,0,0,0,0
1112,5,9025,753,1,0,0
431,5,6874,839,1,0,1
341,7,0,0,0,0,0
387,7,0,0,0,0,0
440,1,6848,710,1,1,0
751,3,4277,561,1,1,0
875,7,0,0,0,0,0
332,5,3609,498,1,0,0
47,4,5656,894,1,0,0
658,3,5137,529,1,0,0
1106,6,3638,421,1,0,0
208,5,3317,430,1,1,0
971,2,5511,777,1,0,0
1114,5,23750,3675,1,1,0
123,3,24549,2011,1,0,0
130,6,4224,505,1,0,0
83,6,2654,249,1,0,0
653,4,5902,510,1,0,0
595,5,14643,1728,1,1,0
924,1,3636,427,1,0,0
636,2,3543,523,1,0,0
286,5,4406,442,1,1,0
1043,6,17270,2274,1,0,0
946,5,4493,543,1,1,1
843,3,13261,1440,1,1,0
1031,7,0,0,0,0,0
852,5,5002,610,1,1,0
725,3,4816,530,1,0,0
455,2,6795,464,1,1,0
75,6,5214,598,1,0,0
926,6,5528,490,1,0,0
552,5,5769,581,1,0,0
569,6,3296,406,1,0,0
184,5,6576,672,1,0,0
959,6,4200,416,1,0,0
1017,3,0,0,0,1,0
552,2,5857,640,1,0,0
784,2,6994,845,1,0,1
474,2,9680,910,1,1,1
1051,7,0,0,0,0,0
593,5,10898,1368,1,0,1
59,6,2558,287,1,0,0
678,4,5234,688,1,0,0
584,7,0,0,0,0,0
246,3,7962,1000,1,1,0
742,6,7976,866,1,0,0
35,7,0,0,0,0,0
599,4,8310,759,1,0,0
367,7,0,0,0,0,0
546,4,11369,1489,1,0,0
82,4,8916,861,1,1,0
248,3,8209,1100,1,1,0
817,7,0,0,0,0,0
120,3,7088,693,1,0,0
289,2,7068,588,1,1,0
942,6,7046,573,1,0,0
793,7,0,0,0,0,0
310,4,7963,742,1,0,1
784,7,0,0,0,0,0
957,7,0,0,0,0,0
1087,7,0,0,0,0,0
22,7,0,0,0,0,0
864,4,4521,639,1,1,0
390,3,9871,979,1,0,0
832,5,7688,692,1,0,1
846,4,0,0,0,0,1
962,1,13083,1403,1,1,0
533,3,8008,889,1,0,0
596,1,4640,741,1,0,0
744,2,0,0,0,1,1
559,2,5630,826,1,0,0
217,2,3332,519,1,0,0
1010,6,9654,856,1,0,0
732,2,6540,777,1,0,0
968,6,4986,586,1,0,0
709,2,11755,1541,1,0,1
440,4,5649,649,1,1,0
164,1,0,0,0,0,0
1022,1,12384,1164,1,1,0
552,3,6084,690,1,0,0
430,5,9895,800,1,1,0
362,3,6812,930,1,0,0
916,4,6511,793,1,1,0
309,3,8599,689,1,1,1
829,5,6145,803,1,1,0
997,6,4795,418,1,0,0
604,3,8000,573,1,1,0
1088,4,5751,525,1,1,0
182,2,6924,492,1,1,0
842,7,0,0,0,0,0
114,7,0,0,0,0,0
920,1,6606,641,1,1,0
229,3,6402,591,1,0,0
391,6,3011,387,1,0,0
421,2,10851,1070,1,1,1
137,1,12070,1209,1,1,0
484,6,8891,889,1,0,0
638,6,6457,519,1,0,0
730,6,10110,1218,1,0,0
1017,6,3883,667,1,0,0
399,7,0,0,0,0,0
604,3,5347,432,1,0,0
210,7,0,0,0,0,0
726,1,12702,1220,1,0,0
628,6,3489,475,1,0,0
112,4,5966,754,1,1,0
979,2,5722,661,1,0,0
291,1,14021,1309,1,1,0
179,6,5766,859,1,0,0
928,7,0,0,0,0,0
1085,2,9217,832,1,1,0
907,5,5509,664,1,0,0
156,7,0,0,0,0,0
131,1,5844,597,1,1,0
47,2,7282,935,1,1,0
1038,4,4485,415,1,0,0
115,7,0,0,0,0,0
478,7,0,0,0,0,0
490,2,8723,1096,1,1,0
509,4,5825,486,1,1,1
485,5,5309,458,1,1,0
433,4,5679,677,1,1,0
1089,2,7954,846,1,0,0
66,5,6374,580,1,1,0
518,2,5509,469,1,1,0
900,3,4534,480,1,0,1
27,2,7192,965,1,0,0
126,1,5201,473,1,0,0
1078,7,0,0,0,0,0
154,4,10322,823,1,1,0
120,2,6263,589,1,1,1
78,5,4474,560,1,1,0
11,2,6661,997,1,0,0
963,1,19788,1694,1,1,0
837,6,1192,140,1,0,0
634,5,6053,684,1,0,1
480,5,4676,641,1,0,0
299,2,7718,907,1,0,0
544,3,16718,1926,1,1,1
715,7,0,0,0,0,0
281,6,5350,571,1,0,0
592,4,3379,499,1,0,0
450,7,0,0,0,0,0
273,3,6900,646,1,1,0
913,2,6822,969,1,0,0
717,7,0,0,0,0,0
36,3,8449,1033,1,1,0
748,3,4285,376,1,0,0
212,7,0,0,0,0,0
723,6,7126,622,1,0,0
29,4,0,0,0,0,0
498,3,7043,857,1,1,0
898,2,7765,883,1,0,0
890,3,5911,452,1,0,1
1046,3,8504,675,1,1,1
332,6,1607,232,1,0,0
525,7,0,0,0,0,0
1072,6,4929,439,1,0,0
609,7,0,0,0,0,0
411,7,0,0,0,0,1
539,1,12914,1190,1,1,1
854,2,4657,526,1,0,0
153,1,12231,895,1,1,0
555,2,7487,530,1,1,1
49,2,7674,536,1,1,0
108,1,12793,980,1,1,0
89,2,7065,723,1,1,0
225,4,6026,662,1,1,0
17,2,8993,1068,1,1,0
216,1,0,0,0,0,0
1112,6,8054,722,1,0,0
798,7,0,0,0,0,0
906,7,0,0,0,0,0
731,2,7031,762,1,0,1
18,7,0,0,0,0,0
149,5,6007,478,1,1,0
1099,3,6598,775,1,1,0
841,4,2214,369,1,0,0
240,4,3635,352,1,0,0
1005,1,4688,725,1,0,0
1037,2,5523,667,1,1,1
391,4,8091,920,1,1,0
153,1,5827,588,1,0,0
420,1,6052,503,1,1,0
761,5,11266,1192,1,1,1
398,2,6191,631,1,1,0
624,7,0,0,0,0,0
211,2,11311,1412,1,0,0
969,4,0,0,0,1,0
1108,5,6117,615,1,1,0
798,2,6289,855,1,0,1
818,4,0,0,0,1,0
1047,3,4994,538,1,1,0
692,2,4969,718,1,0,0
383,2,13337,1911,1,0,0
724,3,10355,881,1,1,1
846,2,10543,920,1,1,0
551,2,7525,1128,1,1,0
114,3,5670,585,1,1,1
848,3,6891,807,1,1,0
749,4,6719,826,1,1,0
910,7,0,0,0,0,0
857,3,7258,873,1,1,0
744,5,0,0,0,1,1
887,7,0,0,0,0,0
138,4,0,0,0,0,1
554,6,3958,471,1,0,0
972,3,3378,389,1,1,0
192,6,16106,1068,1,0,0
459,7,0,0,0,0,0
138,1,5804,658,1,0,1
51,1,8335,576,1,1,0
866,3,6038,450,1,1,1
716,2,4443,349,1,1,0
612,2,4971,319,1,0,0
1042,5,4402,571,1,0,1
95,7,0,0,0,0,0
184,3,7028,646,1,1,0
126,5,6665,626,1,1,0
431,7,0,0,0,0,0
456,2,5261,802,1,0,0
54,5,9483,826,1,1,0
298,3,8463,674,1,1,0
570,5,4051,643,1,0,0
806,5,6255,497,1,0,1
343,5,11026,974,1,1,0
523,2,12280,1493,1,0,0
485,7,0,0,0,0,0
984,3,7837,850,1,1,0
263,4,0,0,0,0,0
1090,6,2644,343,1,0,0
1104,3,6142,496,1,1,1
239,2,7675,568,1,1,0
338,5,8657,669,1,1,0
126,1,4517,448,1,0,0
431,1,11799,1187,1,1,1
586,6,15534,2845,1,0,0
68,3,6627,1122,1,0,0
562,2,20272,3263,1,1,0
874,5,5495,614,1,1,0
954,4,0,0,0,0,0
622,2,4233,408,1,1,0
599,2,8432,737,1,1,0
20,5,8505,848,1,1,0
221,4,5757,552,1,0,0
309,5,8532,684,1,1,0
855,7,0,0,0,0,0
386,4,6197,543,1,0,0
731,6,10255,1232,1,0,0
35,3,9994,725,1,1,0
816,7,0,0,0,0,0
1059,3,8669,1149,1,1,1
1015,2,4865,423,1,0,0
501,3,4776,637,1,0,0
761,7,0,0,0,0,0
957,6,5747,588,1,0,0
800,4,6082,556,1,1,0
882,3,4887,716,1,0,0
954,2,5178,740,1,0,0
588,1,6624,696,1,1,0
814,6,5213,464,1,0,0
183,1,5703,759,1,0,0
286,3,6806,548,1,1,1
1105,5,0,0,0,1,1
870,5,12437,1176,1,1,1
789,5,2990,427,1,1,0
875,4,5386,502,1,1,0
985,6,8954,863,1,0,0
732,1,9960,1094,1,0,1
849,7,0,0,0,0,0
641,1,4593,529,1,0,0
410,2,9118,1188,1,0,1
431,5,9934,1022,1,1,0
769,1,12744,3550,1,1,0
237,1,5174,598,1,0,0
162,6,7324,564,1,0,0
998,1,3765,534,1,0,1
581,2,8240,810,1,1,0
38,7,0,0,0,0,0
524,7,1748,182,1,0,0
49,7,0,0,0,0,0
816,2,6732,880,1,1,0
805,3,7007,557,1,1,0
595,5,13783,1585,1,1,0
310,4,10257,805,1,1,0
806,4,6881,540,1,1,0
519,4,5041,506,1,1,0
604,3,7041,540,1,0,1
753,3,9995,854,1,1,0
465,3,9188,681,1,1,0
1094,3,6350,458,1,1,0
772,3,4805,556,1,1,0
251,2,15479,2215,1,0,0
1081,7,6346,932,1,0,0
679,5,10028,1129,1,1,1
213,4,6500,551,1,0,0
421,1,7215,890,1,0,0
221,6,8405,783,1,0,0
55,5,4799,586,1,0,0
641,3,3765,354,1,0,1
809,2,12624,946,1,1,0
826,5,0,0,0,1,0
155,3,5400,559,1,0,1
200,5,6853,918,1,0,1
1014,4,11852,1320,1,0,0
797,7,0,0,0,0,0
43,7,0,0,0,0,0
1055,7,0,0,0,0,0
331,4,8473,1138,1,0,0
798,7,0,0,0,0,0
1076,3,4345,600,1,1,0
777,7,0,0,0,0,0
347,1,6118,436,1,1,0
255,6,6379,592,1,0,0
808,2,5483,490,1,0,0
527,1,8861,920,1,0,0
1105,6,3971,437,1,0,0
313,6,4763,549,1,0,0
965,2,6326,759,1,0,0
51,3,6171,417,1,1,0
840,1,12494,1772,1,0,1
25,2,8581,1361,1,0,0
235,4,7039,555,1,1,0
1089,1,0,0,0,0,0
315,3,4522,469,1,1,0
823,5,5871,598,1,1,0
237,5,3369,479,1,0,1
562,4,17304,2975,1,1,1
296,6,4785,457,1,0,0
329,3,6059,606,1,0,0
123,3,7080,909,1,0,0
937,3,7757,574,1,1,0
1008,7,0,0,0,0,0
1002,3,4965,657,1,0,0
862,7,0,0,0,0,0
44,7,0,0,0,0,0
156,2,9258,899,1,1,0
947,3,7586,1171,1,0,0
67,4,8896,877,1,1,0
488,1,5626,505,1,1,0
616,1,10439,963,1,1,0
814,3,0,0,0,1,0
594,4,3751,416,1,1,0
443,7,0,0,0,0,0
70,7,0,0,0,0,0
168,4,6876,747,1,0,0
600,2,4397,446,1,0,0
319,5,8375,978,1,0,0
38,5,4809,449,1,0,0
229,5,9989,885,1,1,0
673,5,7715,620,1,1,1
119,7,0,0,0,0,0
700,7,0,0,0,0,0
328,7,0,0,0,0,0
788,6,17754,1502,1,0,0
706,3,8342,699,1,1,0
883,7,0,0,0,0,0
236,5,5921,842,1,0,0
261,6,7265,654,1,0,0
252,5,9418,775,1,0,1
686,1,11442,1233,1,1,0
300,6,7929,962,1,0,0
441,4,5080,636,1,0,0
860,6,6237,770,1,0,0
1013,4,4093,470,1,1,0
56,6,9269,625,1,0,0
206,1,11871,1126,1,1,0
355,2,10742,1282,1,1,0
800,5,9022,765,1,1,0
311,4,5921,780,1,0,0
1014,3,13626,1557,1,1,0
327,5,0,0,0,1,0
1057,3,6323,576,1,1,0
171,5,6406,763,1,0,0
36,2,10316,1139,1,0,1
362,4,10936,1396,1,1,1
928,7,0,0,0,0,0
302,4,2724,255,1,0,0
983,5,5906,903,1,0,0
1058,2,10304,906,1,1,1
1065,1,3628,480,1,0,0
644,4,8366,925,1,1,0
1102,1,5979,697,1,0,0
391,6,3527,438,1,0,0
822,1,7492,623,1,0,1
729,4,9765,1011,1,1,0
506,5,5832,732,1,0,0
567,5,0,0,0,0,1
868,3,12218,740,1,1,0
560,1,18229,1878,1,1,0
135,2,4950,449,1,0,0
168,3,6455,673,1,0,0
41,7,0,0,0,0,0
248,2,8461,1306,1,0,1
591,7,0,0,0,0,0
395,7,0,0,0,0,0
283,1,6925,725,1,0,0
22,1,0,0,0,0,1
925,7,0,0,0,0,0
1037,2,0,0,0,0,1
615,1,0,0,0,0,0
774,7,0,0,0,0,0
737,4,4790,760,1,0,0
768,2,9435,1141,1,0,0
476,5,6799,753,1,1,0
799,7,0,0,0,0,0
188,1,6738,535,1,1,0
772,5,3013,445,1,0,1
353,3,3225,1025,1,0,0
51,7,0,0,0,0,0
689,6,4981,577,1,0,0
609,3,4929,550,1,0,1
1013,7,0,0,0,0,0
575,5,6101,560,1,1,0
1087,5,6251,628,1,0,0
346,7,0,0,0,0,0
1056,7,0,0,0,0,0
989,1,5052,621,1,0,0
772,3,4349,570,1,1,0
151,1,10880,832,1,1,0
773,1,6366,781,1,1,1
324,4,4971,657,1,0,0
956,4,3478,458,1,1,0
533,6,6721,616,1,0,0
807,7,0,0,0,0,1
187,6,3679,409,1,0,0
851,7,0,0,0,0,0
982,3,7084,603,1,1,1
926,2,14540,817,1,1,1
630,6,2564,298,1,0,0
515,1,5896,540,1,0,0
780,6,2583,299,1,0,0
1088,5,6003,551,1,1,0
293,5,6226,786,1,0,1
24,1,11374,957,1,1,0
34,1,6767,897,1,0,0
79,1,8819,783,1,1,0
148,6,7184,693,1,0,0
326,1,2755,258,1,0,0
856,1,7226,1048,1,0,1
578,4,7386,652,1,1,0
359,5,6398,584,1,0,0
562,7,18876,3166,1,0,1
196,3,4178,612,1,0,0
213,4,8560,680,1,1,0
428,7,0,0,0,0,0
1015,4,0,0,0,1,0
843,4,9834,1117,1,1,0
149,3,6893,563,1,1,1
146,6,5854,638,1,0,0
604,1,6323,522,1,0,0
813,7,0,0,0,0,0
123,7,0,0,0,0,0
883,5,4898,534,1,1,1
439,4,6430,810,1,1,0
423,5,10202,1752,1,1,0
411,4,0,0,0,0,1
754,7,0,0,0,0,0
188,2,5993,479,1,1,0
555,1,9587,750,1,1,0
512,6,4912,1084,1,0,0
869,1,4614,780,1,0,0
826,2,7726,708,1,0,0
528,2,9893,959,1,0,0
376,7,0,0,0,0,0
206,4,8129,1005,1,0,1
1112,1,16062,1145,1,1,0
1044,3,4856,714,1,0,0
380,2,10489,1145,1,0,0
766,7,0,0,0,0,0
588,4,5035,618,1,0,0
848,2,5186,670,1,0,0
698,7,0,0,0,0,0
758,5,5212,721,1,1,0
1057,1,8034,726,1,1,0
863,4,6798,879,1,0,0
89,2,6370,629,1,1,1
511,4,4287,672,1,1,0
892,3,7777,753,1,1,0
401,3,8441,813,1,1,0
446,2,6521,763,1,1,0
450,7,0,0,0,0,0
937,4,7493,564,1,1,0
148,7,0,0,0,0,0
563,1,6915,769,1,1,0
624,1,10367,900,1,1,0
1049,7,0,0,0,0,0
269,6,6382,887,1,0,0
498,3,6806,877,1,1,0
760,7,0,0,0,0,0
1031,3,3491,340,1,0,0
238,7,0,0,0,0,0
194,1,5068,392,1,0,0
634,4,5164,575,1,0,0
122,3,9314,1085,1,1,1
748,5,4328,435,1,0,0
60,6,5879,512,1,0,0
713,2,8342,1116,1,0,0
70,4,6552,689,1,1,0
781,2,3764,544,1,0,0
408,2,3610,404,1,0,0
168,1,10617,902,1,1,0
196,6,4048,599,1,0,0
1103,2,5658,430,1,1,0
114,6,4785,600,1,0,0
412,2,6889,526,1,0,0
666,4,6381,573,1,1,0
239,3,4023,384,1,0,0
624,6,4161,438,1,0,0
740,4,0,0,0,0,1
819,3,4224,433,1,0,0
311,3,10840,1102,1,1,0
32,7,0,0,0,0,0
1114,7,0,0,0,0,0
499,1,6603,826,1,1,1
378,3,4686,739,1,1,0
265,5,4914,538,1,1,0
471,4,6483,571,1,0,1
991,3,3887,399,1,0,0
969,4,3116,519,1,0,0
408,7,0,0,0,0,0
874,2,2936,424,1,0,0
838,5,7427,840,1,0,1
424,4,6332,724,1,1,0
344,6,7293,1074,1,0,0
499,6,4534,689,1,0,0
171,6,5695,603,1,0,0
960,7,0,0,0,0,0
251,7,0,0,0,0,0
1103,4,2908,240,1,0,1
693,1,4426,389,1,0,1
445,5,8046,1238,1,1,0
695,3,4246,415,1,0,0
234,2,13453,1194,1,1,1
94,4,6219,625,1,0,1
722,7,0,0,0,0,0
576,6,5423,897,1,0,0
884,5,0,0,0,1,1
17,1,11638,1139,1,1,0
1080,2,11648,968,1,1,0
321,4,7119,656,1,1,1
23,6,5326,475,1,0,0
243,1,5021,770,1,0,0
353,2,5745,1745,1,0,0
620,6,10193,888,1,0,0
73,2,4327,507,1,0,0
525,2,8242,774,1,0,1
334,3,4156,495,1,0,0
623,2,6602,841,1,0,0
759,6,4891,540,1,0,0
801,3,5466,488,1,1,1
515,5,8342,672,1,0,1
281,3,4431,449,1,0,0
451,5,5392,481,1,1,0
1023,6,5829,720,1,0,0
254,2,3087,265,1,1,0
1022,6,7572,884,1,0,0
285,7,0,0,0,0,0
780,7,0,0,0,0,0
76,2,8706,897,1,1,1
1095,5,5259,787,1,0,1
174,2,5219,431,1,1,0
408,2,3706,397,1,0,0
865,2,4411,465,1,0,0
419,6,4173,736,1,0,0
640,4,0,0,0,0,0
88,5,6506,712,1,1,0
262,3,26738,3596,1,1,0
829,3,6171,806,1,1,0
1022,6,5473,711,1,0,0
276,7,0,0,0,0,0
189,6,7829,769,1,0,0
273,1,10095,972,1,1,0
372,3,10047,733,1,1,1
685,1,0,0,0,0,1
1003,7,0,0,0,0,0
327,3,8860,1015,1,1,0
835,6,4392,519,1,0,0
1078,4,4462,421,1,0,1
910,7,0,0,0,0,0
814,6,5003,476,1,0,0
840,5,6214,964,1,0,0
583,2,6177,549,1,1,0
856,7,0,0,0,0,0
969,6,3637,553,1,0,0
809,2,15411,1114,1,1,0
949,6,3236,399,1,0,0
806,4,0,0,0,1,1
570,3,3096,544,1,0,0
517,7,0,0,0,0,0
456,4,4265,702,1,0,0
642,2,3583,500,1,0,0
771,3,5626,601,1,0,0
737,1,7619,1059,1,1,0
552,6,4043,437,1,0,1
870,1,8845,993,1,1,0
725,6,4275,497,1,0,0
490,1,0,0,0,0,1
22,7,0,0,0,0,0
763,1,4733,512,1,0,0
1060,2,8706,913,1,1,0
801,6,4484,423,1,0,0
456,2,6750,941,1,1,1
744,1,9473,984,1,1,0
409,1,8564,704,1,1,1
889,4,4157,480,1,0,0
962,2,5750,836,1,0,0
538,3,3311,562,1,0,0
866,4,0,0,0,0,0
236,3,6158,860,1,0,0
668,2,7388,986,1,0,0
1081,1,4799,792,1,0,0
296,3,5636,727,1,0,0
438,7,0,0,0,0,0
722,4,9905,1590,1,0,1
537,2,6207,684,1,1,0
657,1,15610,1453,1,1,0
468,7,0,0,0,0,0
228,7,0,0,0,0,0
376,7,0,0,0,0,0
905,6,10249,1465,1,0,0
531,5,4733,588,1,1,0
1062,6,5982,599,1,0,0
713,5,10072,1299,1,1,0
3,3,8659,843,1,1,0
903,7,0,0,0,0,0
379,6,3466,370,1,0,0
1015,7,0,0,0,0,0
571,5,11927,839,1,1,0
606,7,0,0,0,0,0
387,5,10280,1480,1,0,1
738,1,11083,836,1,1,0
195,3,14106,1488,1,1,0
135,4,4516,458,1,0,1
966,5,5946,716,1,1,0
694,5,6063,609,1,0,1
208,6,3245,421,1,0,0
1016,5,5128,498,1,0,0
220,7,0,0,0,0,0
982,4,7318,689,1,0,0
879,1,2850,302,1,0,1
116,1,10469,961,1,1,0
143,4,4757,478,1,0,0
458,6,8698,866,1,0,0
132,4,5994,583,1,0,0
164,5,9387,866,1,1,0
271,7,0,0,0,0,0
59,4,5653,575,1,1,1
493,6,7787,812,1,0,0
962,3,4370,690,1,0,0
684,4,5100,442,1,0,0
1088,5,5289,509,1,0,0
535,4,7748,989,1,0,0
718,3,5038,525,1,0,1
393,4,4253,464,1,0,0
637,2,7194,633,1,0,0
801,3,5616,524,1,1,0
496,2,6527,723,1,0,0
262,4,15328,2758,1,0,1
774,2,5247,754,1,0,0
1107,4,5117,596,1,0,0
109,3,5593,692,1,0,0
677,7,0,0,0,0,0
309,4,7593,641,1,1,0
788,3,15519,1617,1,0,0
766,3,4891,447,1,0,1
371,4,5957,473,1,0,0
323,4,6046,523,1,0,0
935,7,0,0,0,0,0
403,2,7479,710,1,1,1
651,7,0,0,0,0,0
949,2,2887,318,1,0,1
669,5,5414,449,1,1,0
726,3,12973,1093,1,1,1
800,4,3637,368,1,0,1
753,4,5966,606,1,0,0
395,6,2395,347,1,0,0
1089,5,9637,981,1,0,0
216,6,5990,722,1,0,0
300,2,5537,739,1,0,0
993,7,0,0,0,0,0
884,7,0,0,0,0,0
299,6,9971,1035,1,0,0
490,2,7571,1003,1,0,0
343,6,5221,561,1,0,0
26,5,5610,523,1,0,1
969,4,2422,503,1,0,0
814,5,6934,607,1,0,0
347,4,3452,289,1,0,1
261,7,0,0,0,0,0
100,1,8278,703,1,0,0
456,2,6610,1012,1,0,1
772,5,3174,459,1,0,0
773,5,5358,784,1,0,0
263,6,4033,416,1,0,0
666,7,0,0,0,0,0
719,6,8635,739,1,0,0
53,6,4024,420,1,0,0
701,4,5862,602,1,1,0
669,6,5495,418,1,0,0
461,1,5588,519,1,1,0
582,7,0,0,0,0,0
826,2,7754,702,1,0,1
19,5,6105,572,1,0,0
710,7,0,0,0,0,0
997,3,5331,383,1,1,0
425,3,3206,448,1,0,0
668,7,0,0,0,0,0
715,7,0,0,0,0,0
415,3,3977,345,1,0,1
428,3,6218,528,1,1,0
951,5,8881,774,1,1,0
77,3,7647,611,1,1,0
590,7,0,0,0,0,0
717,7,0,0,0,0,0
207,6,8562,1030,1,0,0
1108,4,7301,727,1,1,0
565,2,8017,877,1,1,0
983,3,8995,1273,1,1,0
629,3,6271,594,1,0,0
1037,5,6351,791,1,1,0
304,5,7130,1038,1,1,0
682,2,15216,2172,1,1,0
484,4,6288,654,1,1,0
445,5,7173,1106,1,0,0
340,3,6537,703,1,1,0
494,7,7960,1182,1,0,0
198,3,1975,261,1,0,1
752,3,7159,522,1,1,0
702,5,4086,346,1,0,1
614,4,6665,839,1,0,0
28,4,4544,570,1,0,0
792,3,5113,587,1,0,0
523,7,0,0,0,0,0
603,6,5039,738,1,0,0
83,2,4301,349,1,1,0
190,1,9118,769,1,1,0
519,5,5812,644,1,1,0
480,6,2329,320,1,0,0
963,1,19072,1536,1,1,0
357,6,7234,925,1,0,0
758,1,6654,738,1,1,0
672,1,5595,1064,1,0,1
48,6,4393,452,1,0,0
113,4,6319,627,1,0,0
780,7,0,0,0,0,0
955,5,7885,717,1,1,0
640,7,0,0,0,0,0
17,6,2592,320,1,0,0
713,6,9414,1279,1,0,0
774,6,3892,533,1,0,0
475,4,0,0,0,0,1
579,6,7976,874,1,0,0
987,6,3781,507,1,0,0
986,7,0,0,0,0,0
119,5,4543,566,1,0,0
763,2,5671,583,1,0,0
749,2,7053,769,1,1,1
578,1,6972,705,1,0,0
1005,4,6584,996,1,1,0
222,2,4482,569,1,0,0
1053,1,7504,957,1,0,0
888,5,6798,693,1,0,0
1063,3,4750,614,1,1,1
998,5,4360,581,1,0,0
391,3,6725,692,1,1,0
198,1,5737,574,1,1,1
779,2,6056,721,1,0,0
972,2,4351,489,1,1,1
682,2,12171,1908,1,0,0
112,3,6942,813,1,1,0
949,3,6469,596,1,1,0
881,2,4761,694,1,1,0
57,6,10311,906,1,0,0
197,5,6961,867,1,1,1
412,5,7772,561,1,0,0
1114,4,18463,3211,1,0,1
220,1,3879,625,1,0,0
791,2,7996,821,1,1,1
874,7,0,0,0,0,0
125,4,0,0,0,0,1
104,1,11113,1396,1,1,0
1055,2,5763,812,1,0,0
341,3,5223,717,1,0,1
1063,1,3399,483,1,0,0
183,4,0,0,0,0,0
462,7,0,0,0,0,0
286,5,6206,539,1,1,0
112,2,6209,752,1,1,0
974,7,0,0,0,0,0
717,2,6619,636,1,1,1
852,7,0,0,0,0,0
355,3,7441,1013,1,0,0
819,7,0,0,0,0,0
657,7,0,0,0,0,0
144,2,6289,629,1,0,0
964,4,9859,1300,1,1,0
631,3,5551,635,1,1,0
74,6,4615,662,1,0,0
915,1,0,0,0,0,1
697,7,0,0,0,0,0
328,3,3799,496,1,0,0
254,4,2792,208,1,1,0
955,6,5706,550,1,0,0
886,3,8961,735,1,1,0
174,2,5962,459,1,1,0
216,4,5680,776,1,0,0
245,4,7971,900,1,0,1
786,5,3679,551,1,1,0
963,6,3443,316,1,0,0
913,5,9836,1273,1,1,0
701,3,6899,706,1,1,0
996,6,5220,649,1,0,0
372,2,9019,729,1,1,0
80,5,6167,507,1,0,0
392,5,8037,786,1,1,0
735,3,4468,510,1,0,0
877,3,6087,839,1,1,0
931,4,4178,475,1,1,0
819,2,6883,581,1,1,0
1076,1,3315,569,1,0,0
491,7,0,0,0,0,0
95,7,0,0,0,0,0
910,4,5897,564,1,1,0
648,1,10813,898,1,1,0
550,3,5764,471,1,1,1
463,3,4708,869,1,0,0
570,2,4862,700,1,1,0
643,1,8321,987,1,1,0
556,1,9681,998,1,1,1
348,1,9237,724,1,1,0
956,2,5007,641,1,1,0
796,7,0,0,0,0,0
222,7,0,0,0,0,0
312,1,4182,470,1,0,0
746,1,5958,482,1,0,0
475,5,5155,861,1,0,0
88,5,6217,666,1,0,0
706,5,4672,486,1,0,1
1086,3,4143,546,1,0,0
1102,4,6870,764,1,1,0
627,1,5471,589,1,0,0
451,5,6798,533,1,1,0
758,1,6692,776,1,1,0
818,1,5757,647,1,0,0
899,3,6760,640,1,1,0
372,3,5961,610,1,0,0
853,6,7085,804,1,0,0
449,4,10256,1490,1,0,1
956,5,4954,605,1,1,0
716,5,6569,483,1,1,0
771,2,5530,622,1,0,0
642,7,0,0,0,0,0
401,6,5595,457,1,0,0
1097,3,9102,2413,1,0,1
525,5,11971,935,1,1,0
537,1,4916,606,1,0,0
1066,6,10557,1023,1,0,0
417,6,5482,599,1,0,0
974,7,0,0,0,0,0
1002,6,6281,678,1,0,0
452,4,4937,475,1,0,0
170,2,3352,418,1,0,0
191,2,7244,731,1,1,0
759,2,9685,906,1,1,0
836,7,0,0,0,0,0
1028,7,0,0,0,0,0
355,2,10803,1244,1,1,0
450,3,9229,971,1,1,0
350,6,6848,601,1,0,0
578,1,9981,847,1,1,0
591,6,3817,335,1,0,0
1058,1,11990,955,1,1,0
399,6,5173,507,1,0,0
657,4,9315,1088,1,1,1
281,1,8050,661,1,1,0
1061,7,0,0,0,0,0
246,1,9991,1192,1,1,0
496,5,5366,647,1,0,1
746,7,0,0,0,0,0
961,3,5749,619,1,1,0
1046,4,9395,734,1,1,0
990,7,0,0,0,0,0
545,3,8874,909,1,0,0
372,4,5935,615,1,0,0
156,2,5174,635,1,0,0
16,2,10548,961,1,1,1
280,1,0,0,0,0,0
778,6,5920,780,1,0,0
18,2,7714,814,1,1,0
188,1,4830,423,1,0,0
482,4,5638,653,1,0,0
758,6,2938,346,1,0,0
907,2,5127,776,1,0,1
641,4,5009,573,1,0,0
702,7,0,0,0,0,0
9,2,8416,708,1,1,0
902,4,4906,631,1,0,0
137,4,9519,979,1,1,0
715,4,6070,689,1,0,0
799,2,8080,814,1,0,0
1014,1,12858,1504,1,0,1
104,7,0,0,0,0,0
488,5,4218,422,1,1,1
896,6,6563,1095,1,0,0
286,3,9218,652,1,1,1
811,7,0,0,0,0,0
701,6,4344,541,1,0,0
491,6,6732,553,1,0,0
98,7,0,0,0,0,0
367,3,6759,596,1,1,0
416,1,9299,1240,1,0,1
709,7,0,0,0,0,0
378,6,7211,1063,1,0,0
689,2,7253,744,1,1,0
253,2,4435,605,1,0,0
38,6,6155,610,1,0,0
390,7,0,0,0,0,0
597,3,5098,697,1,0,0
328,6,2959,340,1,0,0
632,6,7029,925,1,0,0
198,3,2110,285,1,0,0
801,7,0,0,0,0,0
894,2,11746,1213,1,1,0
378,7,0,0,0,0,0
243,5,5735,884,1,0,0
958,3,4132,527,1,1,0
765,1,11603,879,1,1,1
389,6,8071,1026,1,0,0
475,3,6125,929,1,0,0
803,2,7707,582,1,1,0
940,2,9297,817,1,1,1
512,1,4922,1284,1,0,0
463,7,0,0,0,0,0
774,3,6211,780,1,1,0
616,3,9674,893,1,1,0
414,1,8568,588,1,1,0
234,4,7359,820,1,0,0
881,6,2362,390,1,0,0
875,2,3613,406,1,0,0
150,5,10345,1063,1,0,1
438,3,7230,659,1,1,0
830,7,0,0,0,0,0
453,7,2077,287,1,0,0
412,7,0,0,0,0,0
722,5,8137,1292,1,1,0
473,4,4358,600,1,1,0
440,3,3888,496,1,0,1
113,2,8814,808,1,1,0
241,1,13103,1319,1,0,1
471,6,6807,630,1,0,0
889,1,3539,448,1,0,0
988,5,4715,779,1,1,0
360,3,6196,686,1,0,0
364,6,3273,411,1,0,0
300,3,6524,763,1,0,1
677,2,5573,510,1,0,0
166,2,5117,807,1,0,1
310,7,0,0,0,0,0
540,5,4564,348,1,1,0
190,3,8490,782,1,1,1
942,7,0,0,0,0,0
654,6,2808,286,1,0,0
36,7,0,0,0,0,0
989,1,4441,555,1,0,0
564,4,6124,517,1,0,1
358,4,11017,1132,1,1,0
143,6,4073,418,1,0,0
82,5,10282,1044,1,1,0
451,4,7236,599,1,1,1
106,3,10580,972,1,1,0
497,6,7193,930,1,0,0
166,5,3936,614,1,0,0
1078,7,0,0,0,0,0
420,7,0,0,0,0,0
1040,3,6233,705,1,0,1
616,1,12678,1091,1,1,0
720,2,6454,752,1,0,0
744,6,0,0,0,0,0
66,5,7037,601,1,1,0
917,6,0,0,0,0,0
729,6,10205,1063,1,0,0
740,1,8629,561,1,1,0
453,4,11732,1353,1,1,1
1056,2,3505,354,1,0,1
582,3,5215,738,1,0,0
225,7,0,0,0,0,0
671,6,5494,525,1,0,0
435,3,1891,240,1,0,1
280,3,6830,556,1,1,0
843,4,10548,1129,1,1,0
324,3,4435,651,1,0,0
972,1,5729,539,1,1,0
480,2,5489,665,1,1,1
982,7,0,0,0,0,0
466,2,5961,651,1,0,0
1068,7,0,0,0,0,0
996,2,5195,611,1,0,0
28,5,4392,547,1,0,0
165,1,3768,454,1,0,0
511,1,7009,895,1,1,0
265,3,3650,410,1,0,0
872,4,8268,816,1,0,0
390,6,8826,914,1,0,0
364,2,4070,556,1,0,0
1016,1,4412,493,1,0,0
970,7,0,0,0,0,0
394,7,0,0,0,0,0
910,7,0,0,0,0,0
348,3,7647,673,1,0,0
125,1,15812,1989,1,1,0
7,2,6480,793,1,0,0
1036,4,5194,492,1,1,0
442,4,2971,362,1,0,0
568,6,5594,489,1,0,0
999,7,0,0,0,0,0
630,1,11086,1113,1,1,1
1091,4,0,0,0,0,1
469,3,13034,1630,1,1,0
1099,6,8399,1086,1,0,0
544,1,12117,1638,1,0,0
656,1,2252,335,1,0,0
548,5,4991,432,1,1,1
46,7,0,0,0,0,0
855,7,0,0,0,0,0
907,1,5711,755,1,0,0
609,6,2614,275,1,0,0
335,6,7788,1616,1,0,0
896,3,6671,1019,1,1,0
116,7,0,0,0,0,0
507,1,13654,851,1,1,1
967,1,12733,1322,1,1,0
406,3,6953,501,1,1,0
374,3,5763,759,1,0,1
762,1,6417,554,1,1,0
256,6,10228,1289,1,0,0
33,5,6797,749,1,0,0
209,7,1960,224,1,0,0
362,3,9460,1036,1,1,1
290,7,0,0,0,0,0
289,5,5369,522,1,0,1
274,5,2021,652,1,1,1
1043,2,5868,869,1,0,0
746,7,0,0,0,0,0
70,4,8317,779,1,1,0
931,7,1401,190,1,0,0
588,3,5221,653,1,0,0
890,3,4855,398,1,0,1
203,5,6464,828,1,1,0
861,2,1786,315,1,1,0
948,1,14055,2917,1,0,0
217,5,5077,668,1,1,0
385,6,8784,801,1,0,0
38,3,6274,485,1,1,0
348,7,0,0,0,0,0
169,7,0,0,0,0,0
571,2,5635,439,1,0,0
873,5,0,0,0,1,1
679,2,11139,1069,1,1,1
463,7,0,0,0,0,0
686,4,5200,775,1,0,0
543,2,3973,334,1,1,0
740,3,3687,314,1,0,0
735,5,4595,470,1,0,1
26,7,0,0,0,0,0
274,4,2955,768,1,0,0
473,7,0,0,0,0,0
230,2,6351,802,1,1,1
1013,1,5903,581,1,1,0
530,1,5873,957,1,0,0
201,6,5447,458,1,0,0
219,5,3510,409,1,0,1
168,6,4473,446,1,0,0
704,1,13578,1267,1,1,1
905,1,8670,1491,1,0,0
303,1,4272,533,1,0,0
385,7,0,0,0,0,0
369,7,0,0,0,0,1
64,2,7374,591,1,0,0
286,2,3594,395,1,0,0
532,4,0,0,0,0,0
362,7,0,0,0,0,0
165,6,3323,313,1,0,0
523,6,15949,1815,1,0,0
668,3,13517,1549,1,1,0
765,3,9120,727,1,1,0
937,4,6524,552,1,1,0
339,2,0,0,0,0,1
796,7,0,0,0,0,0
562,2,19239,3190,1,1,0
653,6,4677,392,1,0,0
103,6,4340,405,1,0,0
316,7,0,0,0,0,0
402,5,6363,673,1,1,0
1058,4,8028,754,1,1,0
1052,6,4654,529,1,0,0
895,2,10511,997,1,1,0
533,3,8808,950,1,0,0
1072,2,8578,710,1,1,1
886,4,5411,521,1,0,0
254,2,3440,280,1,1,0
31,2,6789,599,1,1,0
707,6,4745,508,1,0,0
455,7,0,0,0,0,0
80,3,8388,575,1,1,1
665,7,0,0,0,0,0
1058,2,5936,705,1,0,0
788,5,18367,1708,1,1,0
227,3,6256,551,1,1,0
138,5,8711,811,1,1,0
591,6,3717,338,1,0,0
822,4,6724,556,1,1,0
268,4,5546,618,1,1,0
603,2,9176,1197,1,1,0
698,5,16473,2019,1,1,0
211,6,10071,1118,1,0,0
770,6,4579,559,1,0,0
317,6,5938,676,1,0,0
412,4,7531,518,1,1,0
380,5,15228,1499,1,1,0
429,1,3571,353,1,0,0
709,2,14304,1659,1,1,0
457,3,7651,571,1,1,0
689,2,9259,823,1,1,0
769,6,11878,3405,1,0,0
169,4,0,0,0,0,1
689,7,0,0,0,0,0
485,5,0,0,0,1,1
234,5,12634,1100,1,1,1
1071,6,3953,502,1,0,0
373,4,3960,275,1,1,0
738,1,11843,862,1,1,0
566,4,0,0,0,0,1
491,7,0,0,0,0,0
274,4,5725,1260,1,0,0
17,1,4708,716,1,0,0
378,2,8899,1279,1,1,0
395,5,3767,503,1,0,0
188,6,4443,462,1,0,0
162,4,5688,462,1,0,0
596,5,4130,707,1,0,0
425,4,3589,448,1,1,1
893,6,8144,1023,1,0,0
986,7,0,0,0,0,0
624,5,5884,624,1,0,0
582,1,9770,1042,1,1,0
602,7,0,0,0,0,0
897,6,3752,440,1,0,0
626,4,7788,737,1,0,0
144,3,8082,753,1,1,0
991,5,6611,593,1,1,0
832,5,7516,612,1,1,0
1083,4,4289,336,1,0,0
824,1,6457,916,1,0,1
729,3,9530,1002,1,1,1
964,2,6145,989,1,0,0
424,5,6228,752,1,1,0
194,2,3872,341,1,1,0
810,1,5170,456,1,0,0
1016,6,3232,368,1,0,0
732,4,6192,769,1,0,1
387,4,8533,1168,1,1,1
771,1,8647,866,1,1,0
180,1,9830,1055,1,1,1
823,7,0,0,0,0,0
608,7,0,0,0,0,0
681,4,3176,508,1,1,0
743,7,0,0,0,0,0
534,7,0,0,0,0,0
94,7,0,0,0,0,0
199,7,0,0,0,0,0
860,4,4290,582,1,0,0
72,3,0,0,0,1,0
361,4,6361,689,1,1,1
697,7,0,0,0,0,0
587,3,7529,529,1,0,0
651,5,7665,952,1,1,0
1009,1,6772,624,1,1,0
407,4,6375,463,1,1,1
827,6,14242,1838,1,0,0
200,1,9106,1107,1,1,1
528,3,11498,988,1,1,0
190,6,5599,520,1,0,0
208,6,3188,459,1,0,0
428,3,5346,442,1,0,0
384,4,0,0,0,0,0
676,3,6578,1666,1,0,0
379,6,2999,346,1,0,0
210,7,0,0,0,0,0
106,4,10385,932,1,1,1
789,3,3599,519,1,0,0
846,3,9904,805,1,1,0
517,7,0,0,0,0,0
318,4,7503,678,1,0,1
1033,2,16031,1532,1,1,1
229,1,0,0,0,0,0
214,2,11595,801,1,1,0
1088,5,7588,663,1,1,0
561,3,4909,600,1,0,0
505,1,6924,689,1,1,1
730,2,5830,769,1,0,0
550,7,0,0,0,0,0
399,6,5891,570,1,0,0
857,4,8250,893,1,1,0
499,1,7046,852,1,1,0
336,7,0,0,0,0,0
593,3,6582,902,1,0,0
400,5,9125,1253,1,1,0
720,2,5550,601,1,0,0
886,5,7184,665,1,1,0
478,5,6639,711,1,0,1
886,2,4537,544,1,0,1
212,1,6650,554,1,1,0
230,6,8169,984,1,0,0
417,5,4956,602,1,0,0
875,7,0,0,0,0,0
604,7,0,0,0,0,0
727,2,3775,435,1,0,1
769,2,9497,2951,1,0,0
997,7,0,0,0,0,1
704,5,9483,1060,1,0,0
643,2,6756,922,1,0,1
529,2,8169,777,1,1,0
237,5,4158,548,1,0,0
875,2,6427,561,1,1,1
346,5,7026,655,1,0,0
1110,1,7977,792,1,1,0
404,5,6732,674,1,1,1
676,7,10100,1779,1,0,0
1075,1,11070,1092,1,0,0
531,3,3978,501,1,1,1
741,6,6304,850,1,0,0
89,1,5827,669,1,0,0
848,7,0,0,0,0,0
247,4,8913,723,1,1,1
390,6,9645,984,1,0,0
1029,2,7852,1005,1,1,0
1060,7,0,0,0,0,0
150,6,7753,762,1,0,0
497,1,7929,1035,1,0,0
918,1,4908,566,1,0,0
849,7,0,0,0,0,0
321,5,7138,707,1,1,0
1095,6,2269,421,1,0,0
569,1,5983,746,1,1,0
1090,1,8364,936,1,0,1
48,6,2334,269,1,0,0
175,5,0,0,0,1,0
749,5,0,0,0,1,1
564,5,6515,553,1,1,0
518,2,3751,347,1,0,1
361,7,0,0,0,0,0
438,7,0,0,0,0,0
340,3,5232,631,1,0,0
838,1,12478,1106,1,1,1
349,6,7238,722,1,0,0
256,2,14729,1676,1,1,0
285,1,6538,542,1,1,0
980,5,8105,625,1,1,0
185,2,5703,485,1,0,1
466,2,11191,849,1,1,1
992,5,4881,631,1,0,0
452,5,5347,539,1,1,0
88,4,6737,657,1,1,0
911,7,0,0,0,0,0
865,5,10092,764,1,1,0
627,4,5228,548,1,1,1
621,6,4370,632,1,0,0
185,2,7565,569,1,1,0
1096,6,3425,449,1,0,0
997,1,7370,536,1,1,0
76,2,7452,821,1,0,0
387,7,0,0,0,0,0
852,3,4916,558,1,1,1
485,5,4082,389,1,0,1
190,1,10210,776,1,1,0
423,2,10514,2034,1,0,1
691,2,8531,560,1,1,1
790,3,7505,652,1,1,1
550,7,0,0,0,0,0
337,6,5524,432,1,0,0
645,4,17289,1742,1,1,1
1008,6,4668,645,1,0,0
1065,5,4134,495,1,0,1
148,2,8699,839,1,1,0
370,1,11244,796,1,1,0
712,1,10443,767,1,1,0
855,4,4492,560,1,0,0
1085,6,6152,593,1,0,0
263,7,0,0,0,0,0
1005,1,7644,1068,1,1,0
610,4,5327,687,1,1,0
379,5,3392,441,1,0,0
759,4,6553,692,1,1,0
742,2,8944,930,1,1,0
1070,5,0,0,0,0,1
978,7,0,0,0,0,0
418,3,7145,732,1,1,1
15,7,0,0,0,0,0
954,7,0,0,0,0,0
138,1,11426,1040,1,1,0
312,5,6327,612,1,1,0
885,5,4876,692,1,0,0
223,3,3548,412,1,0,1
449,5,8955,1258,1,0,0
251,1,17788,2366,1,0,0
13,1,9071,585,1,1,0
267,7,0,0,0,0,0
343,3,9075,866,1,1,0
552,7,0,0,0,0,0
435,6,2052,228,1,0,0
300,4,5678,795,1,0,0
667,4,8325,757,1,1,0
608,2,8932,1020,1,0,0
82,4,9597,899,1,1,1
34,3,0,0,0,0,1
1077,4,3675,460,1,0,1
944,4,6275,1072,1,0,1
726,2,8678,949,1,0,0
596,7,0,0,0,0,0
1106,2,4458,566,1,0,0
484,1,8144,764,1,1,0
297,6,4286,497,1,0,0
943,2,7593,572,1,1,1
687,2,10898,887,1,1,0
811,2,3196,624,1,0,0
417,4,8342,872,1,1,1
456,4,6036,903,1,1,0
119,2,6069,698,1,0,0
544,2,15077,1872,1,1,1
962,1,5540,852,1,0,0
109,7,0,0,0,0,0
488,4,3251,349,1,1,0
375,1,7106,673,1,0,0
958,5,4305,572,1,1,0
566,1,4333,533,1,0,0
768,6,10254,1135,1,0,0
501,3,8456,889,1,1,1
988,3,4857,815,1,1,0
887,4,9583,735,1,1,0
683,5,10273,970,1,1,0
303,3,6399,670,1,1,0
672,4,6061,1005,1,0,0
892,7,0,0,0,0,0
649,7,0,0,0,0,0
145,5,7525,1069,1,1,0
937,5,9228,691,1,1,0
282,2,5319,716,1,1,0
229,1,10496,862,1,1,0
14,7,0,0,0,0,0
994,6,2727,263,1,0,0
742,3,11671,1166,1,1,0
296,4,7973,777,1,1,0
401,1,9492,826,1,1,0
511,2,6182,826,1,1,0
202,4,6538,523,1,1,1
325,2,4774,539,1,0,0
97,5,7391,782,1,1,1
961,1,8965,780,1,1,1
721,3,8305,737,1,1,0
316,4,10450,905,1,1,1
850,4,5423,635,1,0,0
791,2,7137,764,1,1,0
172,7,0,0,0,0,0
732,7,0,0,0,0,0
623,3,6406,708,1,0,1
54,3,5212,511,1,0,1
11,1,11656,1568,1,0,1
63,1,8183,682,1,1,0
316,5,9318,878,1,1,1
196,3,6187,851,1,0,1
461,6,4837,480,1,0,0
91,1,4291,572,1,0,0
941,7,0,0,0,0,0
398,7,0,0,0,0,0
163,3,8523,925,1,1,0
682,5,11309,1839,1,0,0
132,7,0,0,0,0,0
17,1,5084,768,1,0,1
878,2,7721,712,1,0,0
233,2,12102,1178,1,1,1
308,4,9173,909,1,1,0
836,7,0,0,0,0,0
662,5,9943,912,1,1,0
42,7,0,0,0,0,0
264,2,4989,747,1,0,0
568,2,3715,346,1,0,1
821,7,0,0,0,0,0
496,1,13682,1268,1,1,0
541,6,6207,903,1,0,0
259,7,11663,2229,1,0,0
807,2,6779,743,1,0,1
248,3,8022,1223,1,0,0
1073,1,6633,897,1,0,0
403,6,7635,758,1,0,0
297,3,7427,764,1,1,0
914,3,7013,895,1,0,1
212,3,4761,502,1,0,0
586,6,15248,2702,1,0,0
665,4,7803,1228,1,1,0
861,7,0,0,0,0,0
601,6,4307,421,1,0,0
972,7,0,0,0,0,0
56,3,5737,426,1,0,0
70,7,0,0,0,0,1
321,6,6949,709,1,0,0
1036,7,0,0,0,0,0
950,2,6945,603,1,1,0
750,7,0,0,0,0,0
365,3,5137,578,1,1,0
376,2,6528,855,1,0,0
1068,6,5227,366,1,0,0
946,1,5846,693,1,1,0
909,1,23081,1767,1,0,0
976,5,7232,758,1,1,0
649,6,1511,176,1,0,0
907,6,6102,799,1,0,0
592,1,6817,754,1,1,0
903,7,0,0,0,0,0
711,1,0,0,0,0,1
843,4,11256,1183,1,1,0
295,5,4629,632,1,0,0
550,5,4920,452,1,0,0
105,2,5384,570,1,0,1
972,2,4186,415,1,1,0
970,3,3293,393,1,0,0
929,7,0,0,0,0,0
1017,1,9391,1172,1,1,0
819,3,4793,458,1,0,1
686,3,7000,853,1,1,0
77,6,8548,726,1,0,0
1090,2,7488,927,1,1,1
290,2,12772,1053,1,1,0
301,3,5602,603,1,1,0
189,5,9691,1010,1,0,1
1065,5,4451,540,1,1,0
525,3,9279,807,1,1,0
337,5,4368,373,1,0,1
888,7,0,0,0,0,0
651,6,8010,935,1,0,0
670,5,5291,648,1,0,1
849,4,5923,656,1,0,1
453,5,9910,1086,1,0,1
888,7,0,0,0,0,0
402,3,4361,505,1,0,0
1049,5,4086,655,1,0,0
342,4,13411,1036,1,1,0
780,5,6377,817,1,1,0
478,6,4602,493,1,0,0
588,4,0,0,0,0,1
509,2,5599,566,1,0,0
268,7,0,0,0,0,0
929,4,5195,712,1,1,0
1082,7,0,0,0,0,0
797,3,2343,269,1,0,0
806,2,10067,702,1,1,0
142,5,5603,691,1,1,0
45,3,4247,335,1,0,0
33,7,0,0,0,0,0
1080,6,9414,753,1,0,0
929,7,0,0,0,0,0
703,6,2629,260,1,0,0
881,3,4901,738,1,1,0
561,3,6000,616,1,0,0
303,7,0,0,0,0,0
1046,5,7662,659,1,0,0
762,2,4307,430,1,0,1
530,1,3268,427,1,0,0
599,7,0,0,0,0,0
427,4,5967,642,1,0,0
73,7,0,0,0,0,0
819,1,7234,736,1,0,0
59,7,0,0,0,0,0
278,5,7878,860,1,1,0
143,5,7590,679,1,1,0
126,4,14504,583,1,1,1
479,6,6589,721,1,0,0
956,5,3167,443,1,0,1
829,6,6018,909,1,0,0
499,1,7602,877,1,1,0
427,6,5724,609,1,0,0
1115,1,7704,522,1,1,0
974,3,13720,1747,1,1,0
632,7,0,0,0,0,0
997,6,5406,440,1,0,0
455,6,9879,592,1,0,0
997,2,3157,309,1,0,1
965,3,6703,809,1,0,0
159,3,5195,564,1,0,0
690,6,4629,695,1,0,0
452,3,5815,500,1,1,0
247,6,8526,705,1,0,0
697,7,0,0,0,0,0
828,3,4874,547,1,1,1
419,3,6077,984,1,1,0
3,4,7177,788,1,1,0
59,1,4894,589,1,0,0
726,6,4678,502,1,0,0
631,4,5212,643,1,1,0
404,4,4070,609,1,0,0
51,2,4556,351,1,0,0
1096,3,4527,609,1,1,0
615,3,11177,1242,1,1,1
378,5,6088,885,1,1,0
909,7,0,0,0,0,0
694,6,8705,837,1,0,0
333,2,13771,1628,1,1,0
337,2,5191,383,1,1,0
189,3,6893,718,1,0,0
761,5,7804,926,1,0,0
1076,5,3088,500,1,0,1
527,1,15952,1232,1,1,0
1069,2,7158,839,1,1,1
750,2,3038,276,1,0,1
214,3,7136,582,1,0,0
561,7,0,0,0,0,0
323,2,11199,807,1,1,0
322,1,4095,570,1,0,0
281,3,4207,442,1,0,0
6,4,5564,692,1,0,0
1082,7,0,0,0,0,0
226,4,7507,721,1,1,0
863,7,0,0,0,0,0
81,2,3730,337,1,0,1
233,2,9409,1079,1,1,0
484,3,5790,576,1,0,0
662,5,10824,866,1,1,0
364,7,0,0,0,0,0
164,3,6014,616,1,1,0
475,7,0,0,0,0,0
407,7,0,0,0,0,0
1001,1,6615,773,1,0,0
894,5,7611,1088,1,0,0
590,1,4491,365,1,0,1
811,1,5977,842,1,1,0
51,7,0,0,0,0,0
176,5,5778,705,1,0,0
988,2,4340,684,1,1,0
458,1,9219,812,1,1,0
376,4,9210,1070,1,1,1
124,5,5419,705,1,1,0
5,1,7173,707,1,1,0
510,6,5578,559,1,0,0
524,6,6202,694,1,0,0
1039,3,7658,1013,1,0,0
196,6,3294,498,1,0,0
1047,3,4135,461,1,0,0
101,6,5706,710,1,0,0
854,7,0,0,0,0,0
519,5,5818,716,1,0,1
945,5,4143,538,1,1,0
535,3,8112,884,1,1,0
356,6,7136,535,1,0,0
1022,3,5936,729,1,0,1
979,6,4481,555,1,0,0
508,3,5512,501,1,1,0
915,5,6382,530,1,0,0
53,2,3878,466,1,0,0
561,2,5599,608,1,0,1
733,1,14149,3237,1,1,1
131,3,5935,578,1,1,0
732,2,5752,620,1,1,0
715,4,7162,748,1,1,0
51,1,7202,500,1,0,0
949,3,5224,524,1,0,0
878,1,13289,1086,1,1,0
1024,4,7451,930,1,1,0
560,7,0,0,0,0,0
308,3,7467,866,1,0,1
1065,7,0,0,0,0,0
153,1,11093,861,1,1,0
755,5,10304,862,1,1,1
614,1,6312,936,1,0,0
199,3,9194,695,1,1,1
661,2,5494,501,1,0,0
910,5,6086,649,1,1,0
400,4,9343,1312,1,1,1
907,2,6147,834,1,0,0
862,3,9304,1181,1,1,0
551,6,4667,810,1,0,0
186,2,0,0,0,0,1
430,3,8922,655,1,1,0
927,4,0,0,0,1,0
706,1,4319,430,1,0,0
1078,6,5579,471,1,0,0
118,7,0,0,0,0,0
504,5,5932,854,1,0,1
145,6,6683,1030,1,0,0
181,6,3457,400,1,0,0
749,7,0,0,0,0,0
733,1,16152,3529,1,1,0
253,5,5699,663,1,1,1
40,6,5544,785,1,0,0
597,6,3667,547,1,0,0
243,1,10144,1173,1,1,0
671,6,6132,540,1,0,0
475,4,4684,828,1,0,1
862,5,10614,1334,1,0,0
96,7,0,0,0,0,0
1107,4,6267,682,1,1,0
555,5,5472,439,1,1,0
149,5,6031,520,1,1,0
553,6,8419,823,1,0,0
487,4,6992,641,1,1,0
953,3,5580,548,1,1,0
770,6,3688,476,1,0,0
579,1,11680,1112,1,1,0
347,4,0,0,0,1,1
309,4,7286,596,1,1,0
744,7,0,0,0,0,0
744,6,6975,820,1,0,0
721,5,6661,692,1,0,0
805,4,4018,429,1,0,0
545,1,8144,957,1,0,0
247,4,6804,582,1,0,0
769,4,18177,4510,1,1,0
1026,6,6656,929,1,0,0
615,6,8956,1198,1,0,0
235,1,5440,506,1,0,0
969,5,3125,528,1,0,0
825,3,6325,618,1,1,0
